[
  {
    "user": "Alexander Grey",
    "userId": "u0001",
    "id": "0001",
    "img": "https://bigbadlion.com/desafiolatam/desafio_final/gallery/Alexander-Grey-01.jpg",
    "imgSmall": "https://bigbadlion.com/desafiolatam/desafio_final/gallery/Alexander-Grey-01-small.jpg",
    "title": "Pride Paint",
    "desc": "Person With Body Painting",
    "category": "originals",
    "source": "https://www.pexels.com/photo/person-with-body-painting-1209843/",
    "price": 5,
    "fav": false
  },
  {
    "user": "Amr Miqdadi",
    "userId": "u0002",
    "id": "0002",
    "img": "https://bigbadlion.com/desafiolatam/desafio_final/gallery/Amr-Miqdadi-01.jpg",
    "imgSmall": "https://bigbadlion.com/desafiolatam/desafio_final/gallery/Amr-Miqdadi-01-small.jpg",
    "title": "Chimpanzee",
    "desc": "Chimpanzee Sitting on Wood",
    "category": "movies",
    "source": "https://www.pexels.com/photo/chimpanzee-sitting-on-wood-735431/",
    "price": 3,
    "fav": false
  },
  {
    "user": "Chait Goli",
    "userId": "u0003",
    "id": "0003",
    "img": "https://bigbadlion.com/desafiolatam/desafio_final/gallery/Chait-Goli-01.jpg",
    "imgSmall": "https://bigbadlion.com/desafiolatam/desafio_final/gallery/Chait-Goli-01-small.jpg",
    "title": "Multicolored Skull",
    "desc": "Multicolored Skull Decor",
    "category": "terror",
    "source": "https://www.pexels.com/photo/multicolored-skull-decor-1918290/",
    "price": 7,
    "fav": false
  },
  {
    "user": "Dan Cristian",
    "userId": "u0004",
    "id": "0004",
    "img": "https://bigbadlion.com/desafiolatam/desafio_final/gallery/Dan-Cristian-01.jpg",
    "imgSmall": "https://bigbadlion.com/desafiolatam/desafio_final/gallery/Dan-Cristian-01-small.jpg",
    "title": "Paint Texture",
    "desc": "Photo of Dirty Paint Texture",
    "category": "originals",
    "source": "https://www.pexels.com/photo/art-dirty-texture-designer-5052698/",
    "price": 6,
    "fav": false
  },
  {
    "user": "Dan Cristian",
    "userId": "u0004",
    "id": "0005",
    "img": "https://bigbadlion.com/desafiolatam/desafio_final/gallery/Dan-Cristian-02.jpg",
    "imgSmall": "https://bigbadlion.com/desafiolatam/desafio_final/gallery/Dan-Cristian-02-small.jpg",
    "title": "Abstract Painting",
    "desc": "Photo of Multicolored Abstract Painting",
    "category": "originals",
    "source": "https://www.pexels.com/photo/photo-of-multicolored-abstract-painting-1193743/",
    "price": 5,
    "fav": false
  },
  {
    "user": "Dan Cristian",
    "userId": "u0004",
    "id": "0006",
    "img": "https://bigbadlion.com/desafiolatam/desafio_final/gallery/Dan-Cristian-03.jpg",
    "imgSmall":"https://bigbadlion.com/desafiolatam/desafio_final/gallery/Dan-Cristian-03-small.jpg",
    "title": "Love Art Wave",
    "desc": "Blue and White Abstract Painting",
    "category": "originals",
    "source": "https://www.pexels.com/photo/light-love-art-wave-4049657/",
    "price": 4,
    "fav": false
  },
  {
    "user": "Leandro Barbosa",
    "userId": "u0005",
    "id": "0007",
    "img": "https://bigbadlion.com/desafiolatam/desafio_final/gallery/Leandro-Barbosa-01.jpg",
    "imgSmall": "https://bigbadlion.com/desafiolatam/desafio_final/gallery/Leandro-Barbosa-01-small.jpg",
    "title": "Selective-color photo",
    "desc": "Multicolored Selective-color Photography of Woman's Face",
    "category": "fantasy",
    "source": "https://www.pexels.com/photo/multicolored-selective-color-photography-of-woman-s-face-2234685/",
    "price": 5,
    "fav": false
  },
  {
    "user": "Leandro Barbosa",
    "userId": "u0005",
    "id": "0008",
    "img": "https://bigbadlion.com/desafiolatam/desafio_final/gallery/Leandro-Barbosa-02.jpg",
    "imgSmall": "https://bigbadlion.com/desafiolatam/desafio_final/gallery/Leandro-Barbosa-02-small.jpg",
    "title": "Blooming Flower Bud",
    "desc": "Blooming Flower Bud in Close-up Photography",
    "category": "originals",
    "source": "https://www.pexels.com/photo/blooming-flower-bud-in-close-up-photography-11262274/",
    "price": 5,
    "fav": false
  },
  {
    "user": "Rosivan Morais",
    "userId": "u0006",
    "id": "0009",
    "img": "https://bigbadlion.com/desafiolatam/desafio_final/gallery/Rosivan-Morais-01.jpg",
    "imgSmall": "https://bigbadlion.com/desafiolatam/desafio_final/gallery/Rosivan-Morais-01-small.jpg",
    "title": "Eiffel Tower",
    "desc": "Eiffel Tower, Paris during Night Time",
    "category": "movies",
    "source": "https://www.pexels.com/photo/eiffel-tower-paris-during-night-time-1780838/",
    "price": 5,
    "fav": false
  },
  {
    "user": "Sebastian Arie",
    "userId": "u0007",
    "id": "0010",
    "img": "https://bigbadlion.com/desafiolatam/desafio_final/gallery/Sebastian-Arie-01.jpg",
    "imgSmall": "https://bigbadlion.com/desafiolatam/desafio_final/gallery/Sebastian-Arie-01-small.jpg",
    "title": "Concrete Statues",
    "desc": "Two White Concrete Statues Covered by Dust",
    "category": "terror",
    "source": "https://www.pexels.com/photo/two-white-concrete-statues-covered-by-dust-566641/",
    "price": 5,
    "fav": false
  },
  {
    "user": "Stephan Müller",
    "userId": "u0008",
    "id": "0011",
    "img": "https://bigbadlion.com/desafiolatam/desafio_final/gallery/Stephan-Muller-01.jpg",
    "imgSmall": "https://bigbadlion.com/desafiolatam/desafio_final/gallery/Stephan-Muller-01-small.jpg",
    "title": "Black and Blue Mask",
    "desc": "Man Wearing Black and Blue Mask Costume",
    "category": "terror",
    "source": "https://www.pexels.com/photo/man-wearing-black-and-blue-mask-costume-1473215/",
    "price": 5,
    "fav": false
  },
  {
    "user": "Suvan Chowdhury",
    "userId": "u0009",
    "id": "0012",
    "img": "https://bigbadlion.com/desafiolatam/desafio_final/gallery/Suvan-Chowdhury-01.jpg",
    "imgSmall": "https://bigbadlion.com/desafiolatam/desafio_final/gallery/Suvan-Chowdhury-01-small.jpg",
    "title": "Elephant Sculpture",
    "desc": "Elephant Sculpture under different colors",
    "category": "fantasy",
    "source": "https://www.pexels.com/photo/elephant-sculpture-166277/",
    "price": 5,
    "fav": false
  }
]